{
  "camera": {
    "localPosition": [
      -5.5,
      2,
      5.5
    ],
    "localScale": [
      1,
      1,
      1
    ],
    "localRotationEuler": [
      -14.420068348120138,
      -44.999999161018245,
      1.9624179282217343e-7
    ],
    "focusPosition": [
      -5.5,
      2,
      5.5
    ]
  }
}